cp,colonia,municipio,estado
"01000","San Ángel","Álvaro Obregón","Ciudad de México"
"01010","Los Alpes","Álvaro Obregón","Ciudad de México"
"01020","Guadalupe Inn","Álvaro Obregón","Ciudad de México"
"01030","Axotla","Álvaro Obregón","Ciudad de México"
"01030","Florida","Álvaro Obregón","Ciudad de México"
"01040","Campestre","Álvaro Obregón","Ciudad de México"
"01049","Tlacopac","Álvaro Obregón","Ciudad de México"
"01050","Ex-Hacienda de Guadalupe Chimalistac","Álvaro Obregón","Ciudad de México"
"01060","Altavista","Álvaro Obregón","Ciudad de México"
"01060","San Ángel Inn","Álvaro Obregón","Ciudad de México"
"01070","Chimalistac","Álvaro Obregón","Ciudad de México"
"01080","Progreso Tizapan","Álvaro Obregón","Ciudad de México"
"01089","Ermita Tizapan","Álvaro Obregón","Ciudad de México"
"01090","La Otra Banda","Álvaro Obregón","Ciudad de México"
"01090","Loreto","Álvaro Obregón","Ciudad de México"
"01090","Tizapan","Álvaro Obregón","Ciudad de México"
"01100","Pólvora","Álvaro Obregón","Ciudad de México"
"01109","La Conchita","Álvaro Obregón","Ciudad de México"
"01110","Belém de las Flores","Álvaro Obregón","Ciudad de México"
"01110","El Capulín","Álvaro Obregón","Ciudad de México"
"01110","Ampliación El Capulín","Álvaro Obregón","Ciudad de México"
"01110","Liberales de 1857","Álvaro Obregón","Ciudad de México"
"01120","Acueducto","Álvaro Obregón","Ciudad de México"
"01120","Cove","Álvaro Obregón","Ciudad de México"
"01120","Hidalgo","Álvaro Obregón","Ciudad de México"
"01120","Las Américas","Álvaro Obregón","Ciudad de México"
"01125","Ampliación Acueducto","Álvaro Obregón","Ciudad de México"
"01130","Paraíso","Álvaro Obregón","Ciudad de México"
"01130","Molino de Santo Domingo","Álvaro Obregón","Ciudad de México"
"01130","Real del Monte","Álvaro Obregón","Ciudad de México"
"01139","Reacomodo Pino Suárez","Álvaro Obregón","Ciudad de México"
"01140","Bellavista","Álvaro Obregón","Ciudad de México"
"01140","José Maria Pino Suárez","Álvaro Obregón","Ciudad de México"
"01150","Cristo Rey","Álvaro Obregón","Ciudad de México"
"01150","Tolteca","Álvaro Obregón","Ciudad de México"
"01160","Bosque","Álvaro Obregón","Ciudad de México"
"01160","Isidro Fabela","Álvaro Obregón","Ciudad de México"
"01160","Maria G. de García Ruiz","Álvaro Obregón","Ciudad de México"
"01160","1a Victoria","Álvaro Obregón","Ciudad de México"
"01170","Abraham M. González","Álvaro Obregón","Ciudad de México"
"01180","Carola","Álvaro Obregón","Ciudad de México"
"01180","8 de Agosto","Álvaro Obregón","Ciudad de México"
"01180","San Pedro de los Pinos","Álvaro Obregón","Ciudad de México"
"01200","Arturo Martínez","Álvaro Obregón","Ciudad de México"
"01210","Santa Fe","Álvaro Obregón","Ciudad de México"
"01219","Lomas de Santa Fe","Álvaro Obregón","Ciudad de México"
"01220","La Estrella","Álvaro Obregón","Ciudad de México"
"01220","Bonanza","Álvaro Obregón","Ciudad de México"
"01220","Cuevitas","Álvaro Obregón","Ciudad de México"
"01220","El Cuernito","Álvaro Obregón","Ciudad de México"
"01220","Mártires de Tacubaya","Álvaro Obregón","Ciudad de México"
"01220","Zenón Delgado","Álvaro Obregón","Ciudad de México"
"01230","Campo de Tiro los Gamitos","Álvaro Obregón","Ciudad de México"
"01230","Los Gamitos","Álvaro Obregón","Ciudad de México"
"01230","Tlapechico","Álvaro Obregón","Ciudad de México"
"01230","El Piru Santa Fe","Álvaro Obregón","Ciudad de México"
"01230","El Piru 2a Ampliación","Álvaro Obregón","Ciudad de México"
"01239","La Huerta","Álvaro Obregón","Ciudad de México"
"01240","Pueblo Nuevo","Álvaro Obregón","Ciudad de México"
"01250","El Árbol","Álvaro Obregón","Ciudad de México"
"01250","Ladera","Álvaro Obregón","Ciudad de México"
"01250","Lomas de Nuevo México","Álvaro Obregón","Ciudad de México"
"01250","Margarita Maza de Juárez","Álvaro Obregón","Ciudad de México"
"01250","Tecolalco","Álvaro Obregón","Ciudad de México"
"01259","Ampliación La Cebada","Álvaro Obregón","Ciudad de México"
"01259","La Mexicana 2a Ampliación","Álvaro Obregón","Ciudad de México"
"01260","Calzada Jalalpa","Álvaro Obregón","Ciudad de México"
"01260","La Mexicana","Álvaro Obregón","Ciudad de México"
"01260","Ampliación La Mexicana","Álvaro Obregón","Ciudad de México"
"01260","La Palmita","Álvaro Obregón","Ciudad de México"
"01260","Liberación Proletaria","Álvaro Obregón","Ciudad de México"
"01269","1a Sección Cañada","Álvaro Obregón","Ciudad de México"
"01269","2a Sección Cañada","Álvaro Obregón","Ciudad de México"
"01270","El Tejocote","Álvaro Obregón","Ciudad de México"
"01270","La Presa","Álvaro Obregón","Ciudad de México"
"01270","Golondrinas","Álvaro Obregón","Ciudad de México"
"01270","Golondrinas 1a Sección","Álvaro Obregón","Ciudad de México"
"01270","Golondrinas 2a Sección","Álvaro Obregón","Ciudad de México"
"01270","Lomas de Capula","Álvaro Obregón","Ciudad de México"
"01275","Villa Solidaridad","Álvaro Obregón","Ciudad de México"
"01276","El Pirul","Álvaro Obregón","Ciudad de México"
"01278","Desarrollo Urbano","Álvaro Obregón","Ciudad de México"
"01279","Lomas de Becerra","Álvaro Obregón","Ciudad de México"
"01280","Arvide","Álvaro Obregón","Ciudad de México"
"01280","El Pocito","Álvaro Obregón","Ciudad de México"
"01280","Francisco Villa","Álvaro Obregón","Ciudad de México"
"01280","La Joya","Álvaro Obregón","Ciudad de México"
"01285","El Rodeo","Álvaro Obregón","Ciudad de México"
"01289","Reacomodo El Cuernito","Álvaro Obregón","Ciudad de México"
"01290","Piloto Adolfo López Mateos","Álvaro Obregón","Ciudad de México"
"01290","Presidentes","Álvaro Obregón","Ciudad de México"
"01296","Jalalpa Tepito 2a Ampliación","Álvaro Obregón","Ciudad de México"
"01296","Ampliación Jalalpa","Álvaro Obregón","Ciudad de México"
"01296","Jalalpa Tepito","Álvaro Obregón","Ciudad de México"
"01298","Ampliación Piloto Adolfo López Mateos","Álvaro Obregón","Ciudad de México"
"01299","1a Ampliación Presidentes","Álvaro Obregón","Ciudad de México"
"01299","2a Ampliación Presidentes","Álvaro Obregón","Ciudad de México"
"01310","San Gabriel","Álvaro Obregón","Ciudad de México"
"01320","Carlos A. Madrazo","Álvaro Obregón","Ciudad de México"
"01330","Paseo de las Lomas","Álvaro Obregón","Ciudad de México"
"01340","Bejero del Pueblo Santa Fe","Álvaro Obregón","Ciudad de México"
"01376","Santa Fe","Álvaro Obregón","Ciudad de México"
"01376","Santa Fe Peña Blanca","Álvaro Obregón","Ciudad de México"
"01376","Santa Fe La Loma","Álvaro Obregón","Ciudad de México"
"01376","Santa Fe Centro Ciudad","Álvaro Obregón","Ciudad de México"
"01377","Jalalpa El Grande","Álvaro Obregón","Ciudad de México"
"01389","Santa Fe Tlayapaca","Álvaro Obregón","Ciudad de México"
"01400","Olivar del Conde 1a Sección","Álvaro Obregón","Ciudad de México"
"01400","Preconcreto","Álvaro Obregón","Ciudad de México"
"01407","Galeana","Álvaro Obregón","Ciudad de México"
"01408","Olivar del Conde 2a Sección","Álvaro Obregón","Ciudad de México"
"01410","Barrio Norte","Álvaro Obregón","Ciudad de México"
"01410","Palmas","Álvaro Obregón","Ciudad de México"
"01419","Minas Cristo Rey","Álvaro Obregón","Ciudad de México"
"01420","Sacramento","Álvaro Obregón","Ciudad de México"
"01420","Santa María Nonoalco","Álvaro Obregón","Ciudad de México"
"01430","Colina del Sur","Álvaro Obregón","Ciudad de México"
"01450","Hogar y Redención","Álvaro Obregón","Ciudad de México"
"01460","Alfonso XIII","Álvaro Obregón","Ciudad de México"
"01470","Alfalfar","Álvaro Obregón","Ciudad de México"
"01470","Molino de Rosas","Álvaro Obregón","Ciudad de México"
"01480","Lomas de Plateros","Álvaro Obregón","Ciudad de México"
"01490","La Cascada","Álvaro Obregón","Ciudad de México"
"01500","Santa Lucía","Álvaro Obregón","Ciudad de México"
"01500","Miguel Gaona Armenta","Álvaro Obregón","Ciudad de México"
"01509","Santa Lucía Chantepec","Álvaro Obregón","Ciudad de México"
"01510","Garcimarrero","Álvaro Obregón","Ciudad de México"
"01510","La Araña","Álvaro Obregón","Ciudad de México"
"01510","Los Cedros","Álvaro Obregón","Ciudad de México"
"01520","Ampliación Los Pirules","Álvaro Obregón","Ciudad de México"
"01520","Estado de Hidalgo","Álvaro Obregón","Ciudad de México"
"01520","Ampliación Estado de Hidalgo","Álvaro Obregón","Ciudad de México"
"01520","Piru Santa Lucía","Álvaro Obregón","Ciudad de México"
"01520","El Politoco","Álvaro Obregón","Ciudad de México"
"01530","Corpus Christy","Álvaro Obregón","Ciudad de México"
"01538","Tepopotla","Álvaro Obregón","Ciudad de México"
"01539","Acuilotla","Álvaro Obregón","Ciudad de México"
"01539","Cooperativa Unión Olivos","Álvaro Obregón","Ciudad de México"
"01540","Balcones de Cehuayo","Álvaro Obregón","Ciudad de México"
"01540","Cehuaya","Álvaro Obregón","Ciudad de México"
"01540","Llano Redondo","Álvaro Obregón","Ciudad de México"
"01540","Punta de Cehuaya","Álvaro Obregón","Ciudad de México"
"01548","Villa Progresista","Álvaro Obregón","Ciudad de México"
"01549","Dos Ríos del Pueblo Santa Lucía","Álvaro Obregón","Ciudad de México"
"01550","Tepeaca","Álvaro Obregón","Ciudad de México"
"01550","Ampliación Tepeaca","Álvaro Obregón","Ciudad de México"
"01550","Rinconada Las Cuevitas","Álvaro Obregón","Ciudad de México"
"01560","Ave Real","Álvaro Obregón","Ciudad de México"
"01560","Canutillo","Álvaro Obregón","Ciudad de México"
"01560","Canutillo 3a Sección","Álvaro Obregón","Ciudad de México"
"01560","Canutillo 2a Sección","Álvaro Obregón","Ciudad de México"
"01566","Hueytlale","Álvaro Obregón","Ciudad de México"
"01569","Reacomodo Valentín Gómez Farías","Álvaro Obregón","Ciudad de México"
"01588","Tarango","Álvaro Obregón","Ciudad de México"
"01590","El Rincón","Álvaro Obregón","Ciudad de México"
"01600","Merced Gómez","Álvaro Obregón","Ciudad de México"
"01610","Colinas de Tarango","Álvaro Obregón","Ciudad de México"
"01610","Profesor J. Arturo López Martínez","Álvaro Obregón","Ciudad de México"
"01618","Arcos Centenario","Álvaro Obregón","Ciudad de México"
"01618","Ex-Hacienda de Tarango","Álvaro Obregón","Ciudad de México"
"01619","La Martinica","Álvaro Obregón","Ciudad de México"
"01619","Rinconada de Tarango","Álvaro Obregón","Ciudad de México"
"01620","Lomas de Tarango","Álvaro Obregón","Ciudad de México"
"01630","Lomas de Puerta Grande","Álvaro Obregón","Ciudad de México"
"01630","Puerta Grande","Álvaro Obregón","Ciudad de México"
"01630","Los Juristas","Álvaro Obregón","Ciudad de México"
"01640","Herón Proal","Álvaro Obregón","Ciudad de México"
"01645","Ponciano Arriaga","Álvaro Obregón","Ciudad de México"
"01650","La Milagrosa","Álvaro Obregón","Ciudad de México"
"01650","Palmas Axotitla","Álvaro Obregón","Ciudad de México"
"01650","Tlacuitlapa","Álvaro Obregón","Ciudad de México"
"01650","Ampliación Tlacuitlapa","Álvaro Obregón","Ciudad de México"
"01650","2o Reacomodo Tlacuitlapa","Álvaro Obregón","Ciudad de México"
"01650","El Ruedo","Álvaro Obregón","Ciudad de México"
"01650","Santa Lucía Chantepec","Álvaro Obregón","Ciudad de México"
"01700","La Joyita del Pueblo Tetelpan","Álvaro Obregón","Ciudad de México"
"01700","Ocotillos del Pueblo Tetelpan","Álvaro Obregón","Ciudad de México"
"01700","San Agustín del Pueblo Tetelpan","Álvaro Obregón","Ciudad de México"
"01700","2a Del Moral del Pueblo Tetelpan","Álvaro Obregón","Ciudad de México"
"01700","Tecalcapa del Pueblo Tetelpan","Álvaro Obregón","Ciudad de México"
"01700","Tetelpan","Álvaro Obregón","Ciudad de México"
"01708","El Encino del Pueblo Tetelpan","Álvaro Obregón","Ciudad de México"
"01708","El Mirador del Pueblo Tetelpan","Álvaro Obregón","Ciudad de México"
"01710","Las Águilas","Álvaro Obregón","Ciudad de México"
"01710","Ampliación Alpes","Álvaro Obregón","Ciudad de México"
"01720","Lomas de Guadalupe","Álvaro Obregón","Ciudad de México"
"01729","Alcantarilla","Álvaro Obregón","Ciudad de México"
"01730","Lomas de las Águilas","Álvaro Obregón","Ciudad de México"
"01730","Puente Colorado","Álvaro Obregón","Ciudad de México"
"01740","La Peñita del Pueblo Tetelpan","Álvaro Obregón","Ciudad de México"
"01740","San Clemente Norte","Álvaro Obregón","Ciudad de México"
"01740","San Clemente Sur","Álvaro Obregón","Ciudad de México"
"01750","Las Águilas 1a Sección","Álvaro Obregón","Ciudad de México"
"01750","Las Águilas 2o Parque","Álvaro Obregón","Ciudad de México"
"01750","Las Águilas 3er. Parque","Álvaro Obregón","Ciudad de México"
"01759","Ampliación Las Águilas","Álvaro Obregón","Ciudad de México"
"01760","Atlamaya","Álvaro Obregón","Ciudad de México"
"01760","Flor de María","Álvaro Obregón","Ciudad de México"
"01760","La Herradura del Pueblo Tetelpan","Álvaro Obregón","Ciudad de México"
"01770","La Angostura","Álvaro Obregón","Ciudad de México"
"01770","San José del Olivar","Álvaro Obregón","Ciudad de México"
"01780","Olivar de los Padres","Álvaro Obregón","Ciudad de México"
"01780","Tizampampano del Pueblo Tetelpan","Álvaro Obregón","Ciudad de México"
"01789","Miguel Hidalgo","Álvaro Obregón","Ciudad de México"
"01790","Lomas de los Ángeles del Pueblo Tetelpan","Álvaro Obregón","Ciudad de México"
"01790","Lomas de San Ángel Inn","Álvaro Obregón","Ciudad de México"
"01800","San Bartolo Ameyalco","Álvaro Obregón","Ciudad de México"
"01807","Rancho San Francisco Pueblo San Bartolo Ameyalco","Álvaro Obregón","Ciudad de México"
"01810","Villa Verdún","Álvaro Obregón","Ciudad de México"
"01820","Lomas Axomiatla","Álvaro Obregón","Ciudad de México"
"01820","Ejido San Mateo","Álvaro Obregón","Ciudad de México"
"01830","Santa Rosa Xochiac","Álvaro Obregón","Ciudad de México"
"01840","Torres de Potrero","Álvaro Obregón","Ciudad de México"
"01849","Rincón de la Bolsa","Álvaro Obregón","Ciudad de México"
"01849","Rancho del Carmen del Pueblo San Bartolo Ameyalco","Álvaro Obregón","Ciudad de México"
"01857","Lomas de Chamontoya","Álvaro Obregón","Ciudad de México"
"01859","Tlacoyaque","Álvaro Obregón","Ciudad de México"
"01860","Lomas de La Era","Álvaro Obregón","Ciudad de México"
"01863","Lomas del Capulín","Álvaro Obregón","Ciudad de México"
"01870","Lomas de los Cedros","Álvaro Obregón","Ciudad de México"
"01900","Jardines del Pedregal","Álvaro Obregón","Ciudad de México"
"01904","San Jerónimo Aculco","Álvaro Obregón","Ciudad de México"
"02000","Centro de Azcapotzalco","Azcapotzalco","Ciudad de México"
"02010","Los Reyes","Azcapotzalco","Ciudad de México"
"02010","San Rafael","Azcapotzalco","Ciudad de México"
"02010","Nuevo Barrio San Rafael","Azcapotzalco","Ciudad de México"
"02020","San Marcos","Azcapotzalco","Ciudad de México"
"02020","Santo Tomás","Azcapotzalco","Ciudad de México"
"02040","Del Maestro","Azcapotzalco","Ciudad de México"
"02040","San Sebastián","Azcapotzalco","Ciudad de México"
"02050","Libertad","Azcapotzalco","Ciudad de México"
"02050","Santa María Malinalco","Azcapotzalco","Ciudad de México"
"02060","Sindicato Mexicano de Electricistas","Azcapotzalco","Ciudad de México"
"02060","Un Hogar Para Cada Trabajador","Azcapotzalco","Ciudad de México"
"02070","Del Recreo","Azcapotzalco","Ciudad de México"
"02070","Nextengo","Azcapotzalco","Ciudad de México"
"02080","Clavería","Azcapotzalco","Ciudad de México"
"02080","Sector Naval","Azcapotzalco","Ciudad de México"
"02090","San Álvaro","Azcapotzalco","Ciudad de México"
"02099","Ángel Zimbrón","Azcapotzalco","Ciudad de México"
"02100","El Rosario","Azcapotzalco","Ciudad de México"
"02120","San Martín Xochinahuac","Azcapotzalco","Ciudad de México"
"02128","Nueva El Rosario","Azcapotzalco","Ciudad de México"
"02129","Nueva España","Azcapotzalco","Ciudad de México"
"02130","Tierra Nueva","Azcapotzalco","Ciudad de México"
"02140","Santa Inés","Azcapotzalco","Ciudad de México"
"02150","Pasteros","Azcapotzalco","Ciudad de México"
"02160","Santo Domingo","Azcapotzalco","Ciudad de México"
"02200","Reynosa Tamaulipas","Azcapotzalco","Ciudad de México"
"02230","Santa Bárbara","Azcapotzalco","Ciudad de México"
"02240","San Andrés","Azcapotzalco","Ciudad de México"
"02240","San Andrés","Azcapotzalco","Ciudad de México"
"02250","Santa Catarina","Azcapotzalco","Ciudad de México"
"02300","Industrial Vallejo","Azcapotzalco","Ciudad de México"
"02310","Ferrería","Azcapotzalco","Ciudad de México"
"02320","San Andrés de las Salinas","Azcapotzalco","Ciudad de México"
"02330","Huautla de las Salinas","Azcapotzalco","Ciudad de México"
"02340","Santa Cruz de las Salinas","Azcapotzalco","Ciudad de México"
"02360","Las Salinas","Azcapotzalco","Ciudad de México"
"02400","San Juan Tlihuaca","Azcapotzalco","Ciudad de México"
"02410","Prados del Rosario","Azcapotzalco","Ciudad de México"
"02420","Ex-Hacienda El Rosario","Azcapotzalco","Ciudad de México"
"02440","Providencia","Azcapotzalco","Ciudad de México"
"02459","Tezozomoc","Azcapotzalco","Ciudad de México"
"02460","La Preciosa","Azcapotzalco","Ciudad de México"
"02470","Ampliación Petrolera","Azcapotzalco","Ciudad de México"
"02480","Petrolera","Azcapotzalco","Ciudad de México"
"02490","San Mateo","Azcapotzalco","Ciudad de México"
"02500","Unidad Cuitláhuac","Azcapotzalco","Ciudad de México"
"02519","El Jagüey","Azcapotzalco","Ciudad de México"
"02520","Estación Pantaco","Azcapotzalco","Ciudad de México"
"02530","Jardín Azpeitia","Azcapotzalco","Ciudad de México"
"02600","Pro-Hogar","Azcapotzalco","Ciudad de México"
"02630","Coltongo","Azcapotzalco","Ciudad de México"
"02630","Coltongo","Azcapotzalco","Ciudad de México"
"02640","Monte Alto","Azcapotzalco","Ciudad de México"
"02650","Trabajadores de Hierro","Azcapotzalco","Ciudad de México"
"02660","Euzkadi","Azcapotzalco","Ciudad de México"
"02670","Cosmopolita","Azcapotzalco","Ciudad de México"
"02680","Potrero del Llano","Azcapotzalco","Ciudad de México"
"02700","San Miguel Amantla","Azcapotzalco","Ciudad de México"
"02710","San Pedro Xalpa","Azcapotzalco","Ciudad de México"
"02719","Ampliación San Pedro Xalpa","Azcapotzalco","Ciudad de México"
"02720","San Antonio","Azcapotzalco","Ciudad de México"
"02720","San Bartolo Cahualtongo","Azcapotzalco","Ciudad de México"
"02730","San Francisco Tetecala","Azcapotzalco","Ciudad de México"
"02750","Santiago Ahuizotla","Azcapotzalco","Ciudad de México"
"02760","Industrial San Antonio","Azcapotzalco","Ciudad de México"
"02760","Santa Lucía","Azcapotzalco","Ciudad de México"
"02770","Santa Cruz Acayucan","Azcapotzalco","Ciudad de México"
"02780","Plenitud","Azcapotzalco","Ciudad de México"
"02790","Santa Apolonia","Azcapotzalco","Ciudad de México"
"02800","Nueva Santa María","Azcapotzalco","Ciudad de México"
"02810","Ignacio Allende","Azcapotzalco","Ciudad de México"
"02810","Victoria de las Democracias","Azcapotzalco","Ciudad de México"
"02830","San Bernabé","Azcapotzalco","Ciudad de México"
"02840","Obrero Popular","Azcapotzalco","Ciudad de México"
"02860","Tlatilco","Azcapotzalco","Ciudad de México"
"02870","San Salvador Xochimanca","Azcapotzalco","Ciudad de México"
"02900","Aguilera","Azcapotzalco","Ciudad de México"
"02910","Aldana","Azcapotzalco","Ciudad de México"
"02920","Ampliación Cosmopolita","Azcapotzalco","Ciudad de México"
"02930","Liberación","Azcapotzalco","Ciudad de México"
"02940","Porvenir","Azcapotzalco","Ciudad de México"
"02950","Del Gas","Azcapotzalco","Ciudad de México"
"02960","San Francisco Xocotitla","Azcapotzalco","Ciudad de México"
"02970","Ampliación Del Gas","Azcapotzalco","Ciudad de México"
"02980","Arenal","Azcapotzalco","Ciudad de México"
"02980","Patrimonio Familiar","Azcapotzalco","Ciudad de México"
"02990","La Raza","Azcapotzalco","Ciudad de México"
"03000","Piedad Narvarte","Benito Juárez","Ciudad de México"
"03010","Atenor Salas","Benito Juárez","Ciudad de México"
"03020","Narvarte Poniente","Benito Juárez","Ciudad de México"
"03023","Narvarte Oriente","Benito Juárez","Ciudad de México"
"03100","Del Valle Centro","Benito Juárez","Ciudad de México"
"03100","Insurgentes San Borja","Benito Juárez","Ciudad de México"
"03103","Del Valle Norte","Benito Juárez","Ciudad de México"
"03104","Del Valle Sur","Benito Juárez","Ciudad de México"
"03200","Tlacoquemécatl","Benito Juárez","Ciudad de México"
"03230","Actipan","Benito Juárez","Ciudad de México"
"03240","Acacias","Benito Juárez","Ciudad de México"
"03300","Portales Sur","Benito Juárez","Ciudad de México"
"03303","Portales Norte","Benito Juárez","Ciudad de México"
"03310","Santa Cruz Atoyac","Benito Juárez","Ciudad de México"
"03320","Residencial Emperadores","Benito Juárez","Ciudad de México"
"03330","Xoco","Benito Juárez","Ciudad de México"
"03340","General Pedro María Anaya","Benito Juárez","Ciudad de México"
"03400","Álamos","Benito Juárez","Ciudad de México"
"03410","Postal","Benito Juárez","Ciudad de México"
"03420","Miguel Alemán","Benito Juárez","Ciudad de México"
"03430","Josefa Ortiz de Domínguez","Benito Juárez","Ciudad de México"
"03440","Niños Héroes","Benito Juárez","Ciudad de México"
"03500","Nativitas","Benito Juárez","Ciudad de México"
"03510","Moderna","Benito Juárez","Ciudad de México"
"03520","Iztaccihuatl","Benito Juárez","Ciudad de México"
"03530","Villa de Cortés","Benito Juárez","Ciudad de México"
"03540","Del Carmen","Benito Juárez","Ciudad de México"
"03550","Zacahuitzco","Benito Juárez","Ciudad de México"
"03560","Albert","Benito Juárez","Ciudad de México"
"03570","Portales Oriente","Benito Juárez","Ciudad de México"
"03580","Miravalle","Benito Juárez","Ciudad de México"
"03590","Ermita","Benito Juárez","Ciudad de México"
"03600","Vértiz Narvarte","Benito Juárez","Ciudad de México"
"03610","Américas Unidas","Benito Juárez","Ciudad de México"
"03620","Periodista","Benito Juárez","Ciudad de México"
"03630","Independencia","Benito Juárez","Ciudad de México"
"03640","Del Lago","Benito Juárez","Ciudad de México"
"03650","Letrán Valle","Benito Juárez","Ciudad de México"
"03660","San Simón Ticumac","Benito Juárez","Ciudad de México"
"03700","Santa María Nonoalco","Benito Juárez","Ciudad de México"
"03710","Ciudad de los Deportes","Benito Juárez","Ciudad de México"
"03720","Nochebuena","Benito Juárez","Ciudad de México"
"03730","San Juan","Benito Juárez","Ciudad de México"
"03740","Extremadura Insurgentes","Benito Juárez","Ciudad de México"
"03800","San Pedro de los Pinos","Benito Juárez","Ciudad de México"
"03810","Nápoles","Benito Juárez","Ciudad de México"
"03820","8 de Agosto","Benito Juárez","Ciudad de México"
"03840","Ampliación Nápoles","Benito Juárez","Ciudad de México"
"03900","San José Insurgentes","Benito Juárez","Ciudad de México"
"03910","Mixcoac","Benito Juárez","Ciudad de México"
"03920","Insurgentes Mixcoac","Benito Juárez","Ciudad de México"
"03930","Merced Gómez","Benito Juárez","Ciudad de México"
"03940","Crédito Constructor","Benito Juárez","Ciudad de México"
"04000","Villa Coyoacán","Coyoacán","Ciudad de México"
"04010","Santa Catarina","Coyoacán","Ciudad de México"
"04020","La Concepción","Coyoacán","Ciudad de México"
"04030","San Lucas","Coyoacán","Ciudad de México"
"04040","Parque San Andrés","Coyoacán","Ciudad de México"
"04100","Del Carmen","Coyoacán","Ciudad de México"
"04120","San Diego Churubusco","Coyoacán","Ciudad de México"
"04120","San Mateo","Coyoacán","Ciudad de México"
"04200","Campestre Churubusco","Coyoacán","Ciudad de México"
"04210","Churubusco Country Club","Coyoacán","Ciudad de México"
"04230","Prado Churubusco","Coyoacán","Ciudad de México"
"04240","Hermosillo","Coyoacán","Ciudad de México"
"04250","Paseos de Taxqueña","Coyoacán","Ciudad de México"
"04260","San Francisco Culhuacán Barrio de San Francisco","Coyoacán","Ciudad de México"
"04260","San Francisco Culhuacán Barrio de La Magdalena","Coyoacán","Ciudad de México"
"04260","San Francisco Culhuacán Barrio de Santa Ana","Coyoacán","Ciudad de México"
"04260","San Francisco Culhuacán Barrio de San Juan","Coyoacán","Ciudad de México"
"04300","Ajusco","Coyoacán","Ciudad de México"
"04310","Romero de Terreros","Coyoacán","Ciudad de México"
"04318","Oxtopulco Universidad","Coyoacán","Ciudad de México"
"04320","Cuadrante de San Francisco","Coyoacán","Ciudad de México"
"04320","Pedregal de San Francisco","Coyoacán","Ciudad de México"
"04330","El Rosedal","Coyoacán","Ciudad de México"
"04330","Los Reyes","Coyoacán","Ciudad de México"
"04330","Del Niño Jesús","Coyoacán","Ciudad de México"
"04340","Copilco El Bajo","Coyoacán","Ciudad de México"
"04360","Copilco El Alto","Coyoacán","Ciudad de México"
"04360","Copilco Universidad","Coyoacán","Ciudad de México"
"04369","Pedregal de Santo Domingo","Coyoacán","Ciudad de México"
"04370","Atlántida","Coyoacán","Ciudad de México"
"04370","Ciudad Jardín","Coyoacán","Ciudad de México"
"04380","El Rosario","Coyoacán","Ciudad de México"
"04380","La Candelaria","Coyoacán","Ciudad de México"
"04390","Huayamilpas","Coyoacán","Ciudad de México"
"04390","Estudiantes de 1968","Coyoacán","Ciudad de México"
"04400","Educación","Coyoacán","Ciudad de México"
"04410","Petrolera Taxqueña","Coyoacán","Ciudad de México"
"04420","Ex-Ejido de San Francisco Culhuacán","Coyoacán","Ciudad de México"
"04440","Culhuacán CTM Sección V","Coyoacán","Ciudad de México"
"04440","Culhuacán CTM Sección II","Coyoacán","Ciudad de México"
"04440","Culhuacán CTM Sección I","Coyoacán","Ciudad de México"
"04450","El Centinela","Coyoacán","Ciudad de México"
"04460","Avante","Coyoacán","Ciudad de México"
"04470","Presidentes Ejidales 1a Sección","Coyoacán","Ciudad de México"
"04470","Presidentes Ejidales 2a Sección","Coyoacán","Ciudad de México"
"04480","Culhuacán CTM Sección VI","Coyoacán","Ciudad de México"
"04480","Culhuacán CTM Sección III","Coyoacán","Ciudad de México"
"04480","Culhuacán CTM CROC","Coyoacán","Ciudad de México"
"04480","Culhuacán CTM Sección X-A","Coyoacán","Ciudad de México"
"04489","Culhuacán CTM Sección VII","Coyoacán","Ciudad de México"
"04490","Culhuacán CTM Sección Piloto","Coyoacán","Ciudad de México"
"04490","Culhuacán CTM Canal Nacional","Coyoacán","Ciudad de México"
"04500","Jardines del Pedregal de San Ángel","Coyoacán","Ciudad de México"
"04510","Universidad Nacional Autónoma de México","Coyoacán","Ciudad de México"
"04519","La Otra Banda","Coyoacán","Ciudad de México"
"04530","Insurgentes Cuicuilco","Coyoacán","Ciudad de México"
"04600","Pedregal de Santa Úrsula","Coyoacán","Ciudad de México"
"04610","Xotepingo","Coyoacán","Ciudad de México"
"04620","San Pablo Tepetlapa","Coyoacán","Ciudad de México"
"04630","Adolfo Ruiz Cortínes","Coyoacán","Ciudad de México"
"04640","El Reloj","Coyoacán","Ciudad de México"
"04650","Santa Úrsula Coapa","Coyoacán","Ciudad de México"
"04660","Joyas del Pedregal","Coyoacán","Ciudad de México"
"04700","Pedregal de Carrasco","Coyoacán","Ciudad de México"
"04710","Olímpica","Coyoacán","Ciudad de México"
"04730","Cantil del Pedregal","Coyoacán","Ciudad de México"
"04730","Bosques de Tetlameya","Coyoacán","Ciudad de México"
"04739","El Caracol","Coyoacán","Ciudad de México"
"04800","Alianza Popular Revolucionaria","Coyoacán","Ciudad de México"
"04800","Los Cedros","Coyoacán","Ciudad de México"
"04810","Prados de Coyoacán","Coyoacán","Ciudad de México"
"04815","Emiliano Zapata","Coyoacán","Ciudad de México"
"04830","Los Cipreses","Coyoacán","Ciudad de México"
"04840","Ex-Ejido de San Pablo Tepetlapa","Coyoacán","Ciudad de México"
"04870","Espartaco","Coyoacán","Ciudad de México"
"04890","Jardines de Coyoacán","Coyoacán","Ciudad de México"
"04890","Los Olivos","Coyoacán","Ciudad de México"
"04899","El Parque de Coyoacán","Coyoacán","Ciudad de México"
"04909","Culhuacán CTM Sección VIII","Coyoacán","Ciudad de México"
"04909","Culhuacán CTM Sección IX-A","Coyoacán","Ciudad de México"
"04909","Culhuacán CTM Sección IX-B","Coyoacán","Ciudad de México"
"04910","Carmen Serdán","Coyoacán","Ciudad de México"
"04918","Cafetales","Coyoacán","Ciudad de México"
"04919","Emiliano Zapata Fraccionamiento Popular","Coyoacán","Ciudad de México"
"04920","Los Girasoles","Coyoacán","Ciudad de México"
"04929","Las Campanas","Coyoacán","Ciudad de México"
"04930","Santa Cecilia","Coyoacán","Ciudad de México"
"04938","Campestre Coyoacán","Coyoacán","Ciudad de México"
"04939","Culhuacán CTM Sección X","Coyoacán","Ciudad de México"
"04940","Los Sauces","Coyoacán","Ciudad de México"
"04950","El Mirador","Coyoacán","Ciudad de México"
"04960","Villa Quietud","Coyoacán","Ciudad de México"
"04970","Haciendas de Coyoacán","Coyoacán","Ciudad de México"
"04980","Ex-Ejido de Santa Úrsula Coapa","Coyoacán","Ciudad de México"
"04980","Ex-Hacienda Coapa","Coyoacán","Ciudad de México"
"04980","Viejo Ejido de Santa Úrsula Coapa","Coyoacán","Ciudad de México"
"05000","Cuajimalpa","Cuajimalpa de Morelos","Ciudad de México"
"05010","Zentlapatl","Cuajimalpa de Morelos","Ciudad de México"
"05020","Loma del Padre","Cuajimalpa de Morelos","Ciudad de México"
"05030","San Pedro","Cuajimalpa de Morelos","Ciudad de México"
"05030","La Manzanita","Cuajimalpa de Morelos","Ciudad de México"
"05050","San Pablo Chimalpa","Cuajimalpa de Morelos","Ciudad de México"
"05100","Lomas de Vista Hermosa","Cuajimalpa de Morelos","Ciudad de México"
"05110","Cooperativa Palo Alto","Cuajimalpa de Morelos","Ciudad de México"
"05118","Granjas Palo Alto","Cuajimalpa de Morelos","Ciudad de México"
"05119","Campestre Palo Alto","Cuajimalpa de Morelos","Ciudad de México"
"05120","Bosques de las Lomas","Cuajimalpa de Morelos","Ciudad de México"
"05129","Lomas del Chamizal","Cuajimalpa de Morelos","Ciudad de México"
"05200","San José de los Cedros","Cuajimalpa de Morelos","Ciudad de México"
"05219","Granjas Navidad","Cuajimalpa de Morelos","Ciudad de México"
"05220","Tepetongo","Cuajimalpa de Morelos","Ciudad de México"
"05230","El Ébano","Cuajimalpa de Morelos","Ciudad de México"
"05240","El Molino","Cuajimalpa de Morelos","Ciudad de México"
"05260","Jesús del Monte","Cuajimalpa de Morelos","Ciudad de México"
"05269","Amado Nervo","Cuajimalpa de Morelos","Ciudad de México"
"05270","Manzanastitla","Cuajimalpa de Morelos","Ciudad de México"
"05280","Adolfo López Mateos","Cuajimalpa de Morelos","Ciudad de México"
"05310","El Molinito","Cuajimalpa de Morelos","Ciudad de México"
"05320","El Yaqui","Cuajimalpa de Morelos","Ciudad de México"
"05330","Lomas de Memetla","Cuajimalpa de Morelos","Ciudad de México"
"05330","Memetla","Cuajimalpa de Morelos","Ciudad de México"
"05330","Ampliación Memetla","Cuajimalpa de Morelos","Ciudad de México"
"05330","Ampliación el Yaqui","Cuajimalpa de Morelos","Ciudad de México"
"05348","Santa Fe Cuajimalpa","Cuajimalpa de Morelos","Ciudad de México"
"05360","Locaxco","Cuajimalpa de Morelos","Ciudad de México"
"05370","Las Tinajas","Cuajimalpa de Morelos","Ciudad de México"
"05379","Lomas de San Pedro","Cuajimalpa de Morelos","Ciudad de México"
"05400","El Tianguillo","Cuajimalpa de Morelos","Ciudad de México"
"05410","San Lorenzo Acopilco","Cuajimalpa de Morelos","Ciudad de México"
"05410","1° de Mayo","Cuajimalpa de Morelos","Ciudad de México"
"05500","Contadero","Cuajimalpa de Morelos","Ciudad de México"
"05520","La Venta","Cuajimalpa de Morelos","Ciudad de México"
"05530","Abdías García Soto","Cuajimalpa de Morelos","Ciudad de México"
"05600","San Mateo Tlaltenango","Cuajimalpa de Morelos","Ciudad de México"
"05610","Santa Rosa Xochiac","Cuajimalpa de Morelos","Ciudad de México"
"05700","Cruz Blanca","Cuajimalpa de Morelos","Ciudad de México"
"05710","Las Maromas","Cuajimalpa de Morelos","Ciudad de México"
"05730","Xalpa","Cuajimalpa de Morelos","Ciudad de México"
"05750","La Pila","Cuajimalpa de Morelos","Ciudad de México"
"05760","Las Lajas","Cuajimalpa de Morelos","Ciudad de México"
"05780","Agua Bendita","Cuajimalpa de Morelos","Ciudad de México"
"05790","Puerto Las Cruces","Cuajimalpa de Morelos","Ciudad de México"
"06000","Centro (Área 1)","Cuauhtémoc","Ciudad de México"
"06010","Centro (Área 2)","Cuauhtémoc","Ciudad de México"
"06020","Centro (Área 3)","Cuauhtémoc","Ciudad de México"
"06030","Tabacalera","Cuauhtémoc","Ciudad de México"
"06040","Centro (Área 4)","Cuauhtémoc","Ciudad de México"
"06050","Centro (Área 5)","Cuauhtémoc","Ciudad de México"
"06060","Centro (Área 6)","Cuauhtémoc","Ciudad de México"
"06070","Centro (Área 7)","Cuauhtémoc","Ciudad de México"
"06080","Centro (Área 8)","Cuauhtémoc","Ciudad de México"
"06090","Centro (Área 9)","Cuauhtémoc","Ciudad de México"
"06100","Hipódromo","Cuauhtémoc","Ciudad de México"
"06140","Condesa","Cuauhtémoc","Ciudad de México"
"06170","Hipódromo Condesa","Cuauhtémoc","Ciudad de México"
"06200","Morelos","Cuauhtémoc","Ciudad de México"
"06220","Peralvillo","Cuauhtémoc","Ciudad de México"
"06240","Valle Gómez","Cuauhtémoc","Ciudad de México"
"06250","Ex-Hipódromo de Peralvillo","Cuauhtémoc","Ciudad de México"
"06270","Maza","Cuauhtémoc","Ciudad de México"
"06280","Felipe Pescador","Cuauhtémoc","Ciudad de México"
"06300","Guerrero","Cuauhtémoc","Ciudad de México"
"06350","Buenavista","Cuauhtémoc","Ciudad de México"
"06400","Santa María la Ribera","Cuauhtémoc","Ciudad de México"
"06430","Santa María Insurgentes","Cuauhtémoc","Ciudad de México"
"06450","Atlampa","Cuauhtémoc","Ciudad de México"
"06470","San Rafael","Cuauhtémoc","Ciudad de México"
"06500","Cuauhtémoc","Cuauhtémoc","Ciudad de México"
"06600","Juárez","Cuauhtémoc","Ciudad de México"
"06700","Roma Norte","Cuauhtémoc","Ciudad de México"
"06720","Doctores","Cuauhtémoc","Ciudad de México"
"06760","Roma Sur","Cuauhtémoc","Ciudad de México"
"06780","Buenos Aires","Cuauhtémoc","Ciudad de México"
"06800","Obrera","Cuauhtémoc","Ciudad de México"
"06820","Tránsito","Cuauhtémoc","Ciudad de México"
"06840","Esperanza","Cuauhtémoc","Ciudad de México"
"06850","Asturias","Cuauhtémoc","Ciudad de México"
"06860","Vista Alegre","Cuauhtémoc","Ciudad de México"
"06870","Paulino Navarro","Cuauhtémoc","Ciudad de México"
"06880","Algarin","Cuauhtémoc","Ciudad de México"
"06890","Ampliación Asturias","Cuauhtémoc","Ciudad de México"
"06900","Nonoalco Tlatelolco","Cuauhtémoc","Ciudad de México"
"06920","San Simón Tolnáhuac","Cuauhtémoc","Ciudad de México"
"07000","Aragón la Villa","Gustavo A. Madero","Ciudad de México"
"07010","Rosas del Tepeyac","Gustavo A. Madero","Ciudad de México"
"07010","Santa Isabel Tola","Gustavo A. Madero","Ciudad de México"
"07010","Tepetates","Gustavo A. Madero","Ciudad de México"
"07020","Tepeyac Insurgentes","Gustavo A. Madero","Ciudad de México"
"07040","Santiago Atzacoalco","Gustavo A. Madero","Ciudad de México"
"07050","Villa Gustavo A. Madero","Gustavo A. Madero","Ciudad de México"
"07058","15 de Agosto","Gustavo A. Madero","Ciudad de México"
"07060","Estanzuela","Gustavo A. Madero","Ciudad de México"
"07069","Triunfo de La República","Gustavo A. Madero","Ciudad de México"
"07070","La Cruz","Gustavo A. Madero","Ciudad de México"
"07070","Dinamita","Gustavo A. Madero","Ciudad de México"
"07070","Martín Carrera","Gustavo A. Madero","Ciudad de México"
"07080","Gabriel Hernández","Gustavo A. Madero","Ciudad de México"
"07089","Ampliación Gabriel Hernández","Gustavo A. Madero","Ciudad de México"
"07090","C.T.M. Atzacoalco","Gustavo A. Madero","Ciudad de México"
"07090","C.T.M. El Risco","Gustavo A. Madero","Ciudad de México"
"07100","Cuautepec Barrio Alto","Gustavo A. Madero","Ciudad de México"
"07100","San Miguel","Gustavo A. Madero","Ciudad de México"
"07109","San Antonio","Gustavo A. Madero","Ciudad de México"
"07110","Lomas de Cuautepec","Gustavo A. Madero","Ciudad de México"
"07119","Malacates","Gustavo A. Madero","Ciudad de México"
"07119","Ampliación Malacates","Gustavo A. Madero","Ciudad de México"
"07130","Compositores Mexicanos","Gustavo A. Madero","Ciudad de México"
"07130","El Tepetatal","Gustavo A. Madero","Ciudad de México"
"07140","Arboledas","Gustavo A. Madero","Ciudad de México"
"07140","Ampliación Arboledas","Gustavo A. Madero","Ciudad de México"
"07140","Forestal","Gustavo A. Madero","Ciudad de México"
"07140","Forestal I","Gustavo A. Madero","Ciudad de México"
"07144","Forestal II","Gustavo A. Madero","Ciudad de México"
"07144","La Lengüeta","Gustavo A. Madero","Ciudad de México"
"07149","Parque Metropolitano","Gustavo A. Madero","Ciudad de México"
"07150","Juventino Rosas","Gustavo A. Madero","Ciudad de México"
"07150","La Casilda","Gustavo A. Madero","Ciudad de México"
"07160","Loma La Palma","Gustavo A. Madero","Ciudad de México"
"07164","Luis Donaldo Colosio","Gustavo A. Madero","Ciudad de México"
"07164","Tlacaélel","Gustavo A. Madero","Ciudad de México"
"07164","Graciano Sánchez","Gustavo A. Madero","Ciudad de México"
"07164","Prados de Cuautepec","Gustavo A. Madero","Ciudad de México"
"07170","Palmatitla","Gustavo A. Madero","Ciudad de México"
"07180","Ampliación Cocoyotes","Gustavo A. Madero","Ciudad de México"
"07180","Cocoyotes","Gustavo A. Madero","Ciudad de México"
"07180","General Felipe Berriozabal","Gustavo A. Madero","Ciudad de México"
"07183","6 de Junio","Gustavo A. Madero","Ciudad de México"
"07187","Vista Hermosa","Gustavo A. Madero","Ciudad de México"
"07188","Tlalpexco","Gustavo A. Madero","Ciudad de México"
"07189","Ahuehuetes","Gustavo A. Madero","Ciudad de México"
"07190","Valle de Madero","Gustavo A. Madero","Ciudad de México"
"07199","Del Carmen","Gustavo A. Madero","Ciudad de México"
"07200","Cuautepec de Madero","Gustavo A. Madero","Ciudad de México"
"07207","Del Bosque","Gustavo A. Madero","Ciudad de México"
"07209","Guadalupe Victoria Cuautepec","Gustavo A. Madero","Ciudad de México"
"07210","Chalma de Guadalupe","Gustavo A. Madero","Ciudad de México"
"07214","Ampliación Chalma de Guadalupe","Gustavo A. Madero","Ciudad de México"
"07220","Castillo Chico","Gustavo A. Madero","Ciudad de México"
"07220","Castillo Grande","Gustavo A. Madero","Ciudad de México"
"07224","Ampliación Castillo Grande","Gustavo A. Madero","Ciudad de México"
"07230","Zona Escolar","Gustavo A. Madero","Ciudad de México"
"07239","Zona Escolar Oriente","Gustavo A. Madero","Ciudad de México"
"07240","El Arbolillo","Gustavo A. Madero","Ciudad de México"
"07250","Benito Juárez","Gustavo A. Madero","Ciudad de México"
"07259","Ampliación Benito Juárez","Gustavo A. Madero","Ciudad de México"
"07268","Solidaridad Nacional","Gustavo A. Madero","Ciudad de México"
"07270","Residencial Acueducto de Guadalupe","Gustavo A. Madero","Ciudad de México"
"07279","Acueducto de Guadalupe","Gustavo A. Madero","Ciudad de México"
"07280","Jorge Negrete","Gustavo A. Madero","Ciudad de México"
"07290","La Pastora","Gustavo A. Madero","Ciudad de México"
"07300","Lindavista Norte","Gustavo A. Madero","Ciudad de México"
"07300","Lindavista Sur","Gustavo A. Madero","Ciudad de México"
"07310","Candelaria Ticomán","Gustavo A. Madero","Ciudad de México"
"07320","La Purísima Ticomán","Gustavo A. Madero","Ciudad de México"
"07320","Residencial la Escalera","Gustavo A. Madero","Ciudad de México"
"07330","Santa María Ticomán","Gustavo A. Madero","Ciudad de México"
"07340","La Laguna Ticomán","Gustavo A. Madero","Ciudad de México"
"07340","San José Ticomán","Gustavo A. Madero","Ciudad de México"
"07350","Guadalupe Ticomán","Gustavo A. Madero","Ciudad de México"
"07350","San Juan y Guadalupe Ticomán","Gustavo A. Madero","Ciudad de México"
"07359","San Rafael Ticomán","Gustavo A. Madero","Ciudad de México"
"07360","San Pedro Zacatenco","Gustavo A. Madero","Ciudad de México"
"07369","Residencial Zacatenco","Gustavo A. Madero","Ciudad de México"
"07370","Capultitlan","Gustavo A. Madero","Ciudad de México"
"07380","Maximino Ávila Camacho","Gustavo A. Madero","Ciudad de México"
"07380","Tlacamaca","Gustavo A. Madero","Ciudad de México"
"07400","Salvador Díaz Mirón","Gustavo A. Madero","Ciudad de México"
"07410","Juan González Romero","Gustavo A. Madero","Ciudad de México"
"07410","Villa Hermosa","Gustavo A. Madero","Ciudad de México"
"07420","El Coyol","Gustavo A. Madero","Ciudad de México"
"07420","Nueva Atzacoalco","Gustavo A. Madero","Ciudad de México"
"07430","Del Obrero","Gustavo A. Madero","Ciudad de México"
"07440","Vasco de Quiroga","Gustavo A. Madero","Ciudad de México"
"07450","DM Nacional","Gustavo A. Madero","Ciudad de México"
"07455","Ferrocarrilera","Gustavo A. Madero","Ciudad de México"
"07456","LI Legislatura","Gustavo A. Madero","Ciudad de México"
"07460","Granjas Modernas","Gustavo A. Madero","Ciudad de México"
"07469","Constitución de la República","Gustavo A. Madero","Ciudad de México"
"07470","Ampliación San Juan de Aragón","Gustavo A. Madero","Ciudad de México"
"07480","San Pedro El Chico","Gustavo A. Madero","Ciudad de México"
"07500","La Pradera","Gustavo A. Madero","Ciudad de México"
"07509","Pradera II Sección","Gustavo A. Madero","Ciudad de México"
"07510","San Felipe de Jesús","Gustavo A. Madero","Ciudad de México"
"07520","25 de Julio","Gustavo A. Madero","Ciudad de México"
"07530","Campestre Aragón","Gustavo A. Madero","Ciudad de México"
"07540","La Esmeralda","Gustavo A. Madero","Ciudad de México"
"07550","Providencia","Gustavo A. Madero","Ciudad de México"
"07560","Ampliación Providencia","Gustavo A. Madero","Ciudad de México"
"07570","Villa de Aragón","Gustavo A. Madero","Ciudad de México"
"07580","Ampliación Casas Alemán","Gustavo A. Madero","Ciudad de México"
"07600","Progreso Nacional","Gustavo A. Madero","Ciudad de México"
"07620","Santa Rosa","Gustavo A. Madero","Ciudad de México"
"07630","San José de la Escalera","Gustavo A. Madero","Ciudad de México"
"07640","Santiago Atepetlac","Gustavo A. Madero","Ciudad de México"
"07650","Ampliación Progreso Nacional","Gustavo A. Madero","Ciudad de México"
"07670","Guadalupe Proletaria","Gustavo A. Madero","Ciudad de México"
"07680","Ampliación Guadalupe Proletaria","Gustavo A. Madero","Ciudad de México"
"07700","Nueva Industrial Vallejo","Gustavo A. Madero","Ciudad de México"
"07707","Siete Maravillas","Gustavo A. Madero","Ciudad de México"
"07708","Torres Lindavista","Gustavo A. Madero","Ciudad de México"
"07720","Lindavista Vallejo I Sección","Gustavo A. Madero","Ciudad de México"
"07730","Churubusco Tepeyac","Gustavo A. Madero","Ciudad de México"
"07730","Montevideo","Gustavo A. Madero","Ciudad de México"
"07730","San Bartolo Atepehuacan","Gustavo A. Madero","Ciudad de México"
"07739","Planetario Lindavista","Gustavo A. Madero","Ciudad de México"
"07740","Valle del Tepeyac","Gustavo A. Madero","Ciudad de México"
"07750","Nueva Vallejo","Gustavo A. Madero","Ciudad de México"
"07754","Lindavista Vallejo III Sección","Gustavo A. Madero","Ciudad de México"
"07755","Lindavista Vallejo II Sección","Gustavo A. Madero","Ciudad de México"
"07760","Magdalena de las Salinas","Gustavo A. Madero","Ciudad de México"
"07770","Panamericana","Gustavo A. Madero","Ciudad de México"
"07770","Ampliación Panamericana","Gustavo A. Madero","Ciudad de México"
"07780","Defensores de La República","Gustavo A. Madero","Ciudad de México"
"07780","Héroe de Nacozari","Gustavo A. Madero","Ciudad de México"
"07790","Guadalupe Victoria","Gustavo A. Madero","Ciudad de México"
"07790","Vallejo Poniente","Gustavo A. Madero","Ciudad de México"
"07800","Industrial","Gustavo A. Madero","Ciudad de México"
"07810","Estrella","Gustavo A. Madero","Ciudad de México"
"07820","Aragón Inguarán","Gustavo A. Madero","Ciudad de México"
"07820","Tres Estrellas","Gustavo A. Madero","Ciudad de México"
"07830","Gertrudis Sánchez 1a Sección","Gustavo A. Madero","Ciudad de México"
"07838","Gertrudis Sánchez 3a Sección","Gustavo A. Madero","Ciudad de México"
"07839","Gertrudis Sánchez 2a Sección","Gustavo A. Madero","Ciudad de México"
"07840","Guadalupe Tepeyac","Gustavo A. Madero","Ciudad de México"
"07840","7 de Noviembre","Gustavo A. Madero","Ciudad de México"
"07850","Bondojito","Gustavo A. Madero","Ciudad de México"
"07850","Faja de Oro","Gustavo A. Madero","Ciudad de México"
"07858","Ampliación Emiliano Zapata","Gustavo A. Madero","Ciudad de México"
"07859","Ampliación Mártires de Río Blanco","Gustavo A. Madero","Ciudad de México"
"07860","La Joyita","Gustavo A. Madero","Ciudad de México"
"07860","Tablas de San Agustín","Gustavo A. Madero","Ciudad de México"
"07869","Belisario Domínguez","Gustavo A. Madero","Ciudad de México"
"07870","Guadalupe Insurgentes","Gustavo A. Madero","Ciudad de México"
"07870","Vallejo","Gustavo A. Madero","Ciudad de México"
"07880","Mártires de Río Blanco","Gustavo A. Madero","Ciudad de México"
"07889","Emiliano Zapata","Gustavo A. Madero","Ciudad de México"
"07890","Cuchilla La Joya","Gustavo A. Madero","Ciudad de México"
"07890","La Joya","Gustavo A. Madero","Ciudad de México"
"07890","Nueva Tenochtitlán","Gustavo A. Madero","Ciudad de México"
"07899","La Malinche","Gustavo A. Madero","Ciudad de México"
"07900","Cuchilla del Tesoro","Gustavo A. Madero","Ciudad de México"
"07910","San Juan de Aragón VII Sección","Gustavo A. Madero","Ciudad de México"
"07918","San Juan de Aragón VI Sección","Gustavo A. Madero","Ciudad de México"
"07919","Ex Ejido San Juan de Aragón Sector 32","Gustavo A. Madero","Ciudad de México"
"07920","El Olivo","Gustavo A. Madero","Ciudad de México"
"07920","San Juan de Aragón","Gustavo A. Madero","Ciudad de México"
"07930","Indeco","Gustavo A. Madero","Ciudad de México"
"07939","Héroes de Chapultepec","Gustavo A. Madero","Ciudad de México"
"07940","Ex Ejido San Juan de Aragón Sector 33","Gustavo A. Madero","Ciudad de México"
"07950","San Juan de Aragón","Gustavo A. Madero","Ciudad de México"
"07960","Héroes de Cerro Prieto","Gustavo A. Madero","Ciudad de México"
"07960","Ex Escuela de Tiro","Gustavo A. Madero","Ciudad de México"
"07960","Fernando Casas Alemán","Gustavo A. Madero","Ciudad de México"
"07969","San Juan de Aragón I Sección","Gustavo A. Madero","Ciudad de México"
"07969","San Juan de Aragón II Sección","Gustavo A. Madero","Ciudad de México"
"07970","San Juan de Aragón III Sección","Gustavo A. Madero","Ciudad de México"
"07979","San Juan de Aragón IV Sección","Gustavo A. Madero","Ciudad de México"
"07979","San Juan de Aragón V Sección","Gustavo A. Madero","Ciudad de México"
"07980","Narciso Bassols","Gustavo A. Madero","Ciudad de México"
"07990","C.T.M. Aragón","Gustavo A. Madero","Ciudad de México"
"08000","Gabriel Ramos Millán Sección Bramadero","Iztacalco","Ciudad de México"
"08010","Ex-Ejido de La Magdalena Mixiuhca","Iztacalco","Ciudad de México"
"08020","Ampliación Gabriel Ramos Millán","Iztacalco","Ciudad de México"
"08030","Gabriel Ramos Millán Sección Cuchilla","Iztacalco","Ciudad de México"
"08040","Carlos Zapata Vela","Iztacalco","Ciudad de México"
"08100","Agrícola Pantitlán","Iztacalco","Ciudad de México"
"08200","Viaducto Piedad","Iztacalco","Ciudad de México"
"08210","Nueva Santa Anita","Iztacalco","Ciudad de México"
"08220","San Pedro","Iztacalco","Ciudad de México"
"08230","San Francisco Xicaltongo","Iztacalco","Ciudad de México"
"08240","Santiago Norte","Iztacalco","Ciudad de México"
"08300","Santa Anita","Iztacalco","Ciudad de México"
"08310","La Cruz","Iztacalco","Ciudad de México"
"08320","Fraccionamiento Coyuya","Iztacalco","Ciudad de México"
"08400","Granjas México","Iztacalco","Ciudad de México"
"08420","Cuchilla Agrícola Oriental","Iztacalco","Ciudad de México"
"08500","Agrícola Oriental","Iztacalco","Ciudad de México"
"08510","El Rodeo","Iztacalco","Ciudad de México"
"08600","La Asunción","Iztacalco","Ciudad de México"
"08610","Zapotla","Iztacalco","Ciudad de México"
"08620","Los Reyes","Iztacalco","Ciudad de México"
"08650","San Miguel","Iztacalco","Ciudad de México"
"08700","Juventino Rosas","Iztacalco","Ciudad de México"
"08710","Tlazintla","Iztacalco","Ciudad de México"
"08720","Gabriel Ramos Millán Sección Tlacotal","Iztacalco","Ciudad de México"
"08730","Gabriel Ramos Millán","Iztacalco","Ciudad de México"
"08760","INPI Picos","Iztacalco","Ciudad de México"
"08760","Los Picos de Iztacalco Sección 2A","Iztacalco","Ciudad de México"
"08760","Los Picos de Iztacalco Sección 1B","Iztacalco","Ciudad de México"
"08770","Los Picos de Iztacalco Sección 1A","Iztacalco","Ciudad de México"
"08800","Santiago Sur","Iztacalco","Ciudad de México"
"08810","Reforma Iztaccíhuatl Norte","Iztacalco","Ciudad de México"
"08830","Militar Marte","Iztacalco","Ciudad de México"
"08840","Reforma Iztaccíhuatl Sur","Iztacalco","Ciudad de México"
"08900","INFONAVIT Iztacalco","Iztacalco","Ciudad de México"
"08910","Santa Cruz","Iztacalco","Ciudad de México"
"08920","Jardines Tecma","Iztacalco","Ciudad de México"
"08930","Campamento 2 de Octubre","Iztacalco","Ciudad de México"
"09000","La Asunción","Iztapalapa","Ciudad de México"
"09000","San Ignacio","Iztapalapa","Ciudad de México"
"09000","San José","Iztapalapa","Ciudad de México"
"09000","San Lucas","Iztapalapa","Ciudad de México"
"09000","San Pablo","Iztapalapa","Ciudad de México"
"09000","San Pedro","Iztapalapa","Ciudad de México"
"09000","Santa Bárbara","Iztapalapa","Ciudad de México"
"09010","Real del Moral","Iztapalapa","Ciudad de México"
"09020","Doctor Alfonso Ortiz Tirado","Iztapalapa","Ciudad de México"
"09030","Paseos de Churubusco","Iztapalapa","Ciudad de México"
"09040","Central de Abasto","Iztapalapa","Ciudad de México"
"09060","Escuadrón 201","Iztapalapa","Ciudad de México"
"09060","Sector Popular","Iztapalapa","Ciudad de México"
"09070","Granjas de San Antonio","Iztapalapa","Ciudad de México"
"09080","Cacama","Iztapalapa","Ciudad de México"
"09089","Unidad Modelo","Iztapalapa","Ciudad de México"
"09090","Héroes de Churubusco","Iztapalapa","Ciudad de México"
"09099","Mexicaltzingo","Iztapalapa","Ciudad de México"
"09100","Juan Escutia","Iztapalapa","Ciudad de México"
"09130","San Lorenzo Xicotencatl","Iztapalapa","Ciudad de México"
"09140","Santa Martha Acatitla Norte","Iztapalapa","Ciudad de México"
"09180","Ermita Zaragoza","Iztapalapa","Ciudad de México"
"09200","Unidad Vicente Guerrero","Iztapalapa","Ciudad de México"
"09208","Chinampac de Juárez","Iztapalapa","Ciudad de México"
"09209","Renovación","Iztapalapa","Ciudad de México"
"09210","Tepalcates","Iztapalapa","Ciudad de México"
"09220","Unidad Ejército Constitucionalista","Iztapalapa","Ciudad de México"
"09230","Álvaro Obregón","Iztapalapa","Ciudad de México"
"09230","Ejército de Oriente","Iztapalapa","Ciudad de México"
"09230","El Paraíso","Iztapalapa","Ciudad de México"
"09230","José María Morelos y Pavón","Iztapalapa","Ciudad de México"
"09239","Ejército de Oriente Zona Peñón","Iztapalapa","Ciudad de México"
"09240","Progresista","Iztapalapa","Ciudad de México"
"09250","La Regadera","Iztapalapa","Ciudad de México"
"09260","Constitución de 1917","Iztapalapa","Ciudad de México"
"09270","Colonial Iztapalapa","Iztapalapa","Ciudad de México"
"09280","Jacarandas","Iztapalapa","Ciudad de México"
"09290","Santa Cruz Meyehualco","Iztapalapa","Ciudad de México"
"09300","Guadalupe del Moral","Iztapalapa","Ciudad de México"
"09310","Leyes de Reforma 1a Sección","Iztapalapa","Ciudad de México"
"09310","Leyes de Reforma 2a Sección","Iztapalapa","Ciudad de México"
"09310","Leyes de Reforma 3a Sección","Iztapalapa","Ciudad de México"
"09319","Cuchilla del Moral","Iztapalapa","Ciudad de México"
"09320","Sideral","Iztapalapa","Ciudad de México"
"09350","Albarrada","Iztapalapa","Ciudad de México"
"09359","Eva Sámano de López Mateos","Iztapalapa","Ciudad de México"
"09360","San Miguel","Iztapalapa","Ciudad de México"
"09360","Ampliación San Miguel","Iztapalapa","Ciudad de México"
"09400","San Juanico Nextipac","Iztapalapa","Ciudad de México"
"09400","El Sifón","Iztapalapa","Ciudad de México"
"09410","Aculco","Iztapalapa","Ciudad de México"
"09410","Jardines de Churubusco","Iztapalapa","Ciudad de México"
"09410","Magdalena Atlazolpa","Iztapalapa","Ciudad de México"
"09410","San José Aculco","Iztapalapa","Ciudad de México"
"09420","Los Picos VI-B","Iztapalapa","Ciudad de México"
"09420","Nueva Rosita","Iztapalapa","Ciudad de México"
"09429","Purísima Atlazolpa","Iztapalapa","Ciudad de México"
"09430","Apatlaco","Iztapalapa","Ciudad de México"
"09430","El Triunfo","Iztapalapa","Ciudad de México"
"09438","Ampliación El Triunfo","Iztapalapa","Ciudad de México"
"09440","El Retoño","Iztapalapa","Ciudad de México"
"09440","San Andrés Tetepilco","Iztapalapa","Ciudad de México"
"09440","Zacahuitzco","Iztapalapa","Ciudad de México"
"09450","Banjidal","Iztapalapa","Ciudad de México"
"09460","Justo Sierra","Iztapalapa","Ciudad de México"
"09470","Sinatel","Iztapalapa","Ciudad de México"
"09479","Ampliación Sinatel","Iztapalapa","Ciudad de México"
"09480","El Prado","Iztapalapa","Ciudad de México"
"09500","Santa María Aztahuacán","Iztapalapa","Ciudad de México"
"09500","Santa María Aztahuacán Ampliación","Iztapalapa","Ciudad de México"
"09510","Santa Martha Acatitla","Iztapalapa","Ciudad de México"
"09520","El Edén","Iztapalapa","Ciudad de México"
"09520","San Sebastián Tecoloxtitla","Iztapalapa","Ciudad de México"
"09530","Santa Martha Acatitla Sur","Iztapalapa","Ciudad de México"
"09550","Monte Alban","Iztapalapa","Ciudad de México"
"09560","Paraje Zacatepec","Iztapalapa","Ciudad de México"
"09570","Santa María Aztahuacán","Iztapalapa","Ciudad de México"
"09578","Ejército de Agua Prieta","Iztapalapa","Ciudad de México"
"09600","Santiago Acahualtepec","Iztapalapa","Ciudad de México"
"09608","Santiago Acahualtepec 1ra. Ampliación","Iztapalapa","Ciudad de México"
"09609","Santiago Acahualtepec 2a. Ampliación","Iztapalapa","Ciudad de México"
"09620","Lomas de Zaragoza","Iztapalapa","Ciudad de México"
"09630","San Miguel Teotongo Sección Corrales","Iztapalapa","Ciudad de México"
"09630","San Miguel Teotongo Sección Acorralado","Iztapalapa","Ciudad de México"
"09630","San Miguel Teotongo Sección Avisadero","Iztapalapa","Ciudad de México"
"09630","San Miguel Teotongo Sección Capilla","Iztapalapa","Ciudad de México"
"09630","San Miguel Teotongo Sección Guadalupe","Iztapalapa","Ciudad de México"
"09630","San Miguel Teotongo Sección Iztlahuaca","Iztapalapa","Ciudad de México"
"09630","San Miguel Teotongo Sección Jardines","Iztapalapa","Ciudad de México"
"09630","San Miguel Teotongo Sección La Cruz","Iztapalapa","Ciudad de México"
"09630","San Miguel Teotongo Sección Loma Alta","Iztapalapa","Ciudad de México"
"09630","San Miguel Teotongo Sección Mercedes","Iztapalapa","Ciudad de México"
"09630","San Miguel Teotongo Sección Palmitas","Iztapalapa","Ciudad de México"
"09630","San Miguel Teotongo Sección Puente","Iztapalapa","Ciudad de México"
"09630","San Miguel Teotongo Sección Ranchito","Iztapalapa","Ciudad de México"
"09630","San Miguel Teotongo Sección Rancho Bajo","Iztapalapa","Ciudad de México"
"09630","San Miguel Teotongo Sección Torres","Iztapalapa","Ciudad de México"
"09637","Campestre Potrero","Iztapalapa","Ciudad de México"
"09638","Ampliación Emiliano Zapata","Iztapalapa","Ciudad de México"
"09640","Lomas de la Estancia","Iztapalapa","Ciudad de México"
"09640","Xalpa","Iztapalapa","Ciudad de México"
"09648","San Pablo","Iztapalapa","Ciudad de México"
"09660","Citlalli","Iztapalapa","Ciudad de México"
"09670","Palmitas","Iztapalapa","Ciudad de México"
"09680","Tenorios","Iztapalapa","Ciudad de México"
"09689","Barranca de Guadalupe","Iztapalapa","Ciudad de México"
"09690","Iztlahuacán","Iztapalapa","Ciudad de México"
"09696","Miravalles","Iztapalapa","Ciudad de México"
"09698","Miguel de La Madrid Hurtado","Iztapalapa","Ciudad de México"
"09700","Buenavista","Iztapalapa","Ciudad de México"
"09700","Carlos Hank González","Iztapalapa","Ciudad de México"
"09700","Desarrollo Urbano Quetzalcóatl","Iztapalapa","Ciudad de México"
"09700","Santa Cruz Meyehualco","Iztapalapa","Ciudad de México"
"09704","Degollado","Iztapalapa","Ciudad de México"
"09705","Degollado - Mexicatlalli","Iztapalapa","Ciudad de México"
"09706","San José Buenavista","Iztapalapa","Ciudad de México"
"09708","Mixcoatl","Iztapalapa","Ciudad de México"
"09709","Lomas de Santa Cruz","Iztapalapa","Ciudad de México"
"09710","Los Ángeles Apanoaya","Iztapalapa","Ciudad de México"
"09720","Francisco Villa","Iztapalapa","Ciudad de México"
"09720","La Era","Iztapalapa","Ciudad de México"
"09730","Reforma Política","Iztapalapa","Ciudad de México"
"09740","Presidentes de México","Iztapalapa","Ciudad de México"
"09750","Insurgentes","Iztapalapa","Ciudad de México"
"09750","La Polvorilla","Iztapalapa","Ciudad de México"
"09750","Las Peñas","Iztapalapa","Ciudad de México"
"09760","Consejo Agrarista Mexicano","Iztapalapa","Ciudad de México"
"09769","El Triángulo","Iztapalapa","Ciudad de México"
"09770","Puente Blanco","Iztapalapa","Ciudad de México"
"09780","Año de Juárez","Iztapalapa","Ciudad de México"
"09780","Lomas de San Lorenzo","Iztapalapa","Ciudad de México"
"09790","San Lorenzo Tezonco","Iztapalapa","Ciudad de México"
"09800","Culhuacán","Iztapalapa","Ciudad de México"
"09800","El Mirador","Iztapalapa","Ciudad de México"
"09800","Estrella Culhuacán","Iztapalapa","Ciudad de México"
"09800","Fuego Nuevo","Iztapalapa","Ciudad de México"
"09800","San Antonio Culhuacán","Iztapalapa","Ciudad de México"
"09800","San Antonio Culhuacán","Iztapalapa","Ciudad de México"
"09800","San Simón Culhuacán","Iztapalapa","Ciudad de México"
"09800","Tula","Iztapalapa","Ciudad de México"
"09800","Valle de Luces","Iztapalapa","Ciudad de México"
"09810","Granjas Esmeralda","Iztapalapa","Ciudad de México"
"09810","Los Cipreses","Iztapalapa","Ciudad de México"
"09810","Minerva","Iztapalapa","Ciudad de México"
"09810","Progreso del Sur","Iztapalapa","Ciudad de México"
"09819","Valle del Sur","Iztapalapa","Ciudad de México"
"09820","El Santuario","Iztapalapa","Ciudad de México"
"09820","Estrella del Sur","Iztapalapa","Ciudad de México"
"09820","Ricardo Flores Magón","Iztapalapa","Ciudad de México"
"09820","Santa Isabel Industrial","Iztapalapa","Ciudad de México"
"09828","Ampliación Ricardo Flores Magón","Iztapalapa","Ciudad de México"
"09829","Ampliación El Santuario","Iztapalapa","Ciudad de México"
"09830","El Manto","Iztapalapa","Ciudad de México"
"09830","El Molino","Iztapalapa","Ciudad de México"
"09830","Lomas El Manto","Iztapalapa","Ciudad de México"
"09830","Los Ángeles","Iztapalapa","Ciudad de México"
"09830","Paraje San Juan","Iztapalapa","Ciudad de México"
"09837","San Miguel 8va. Ampliación","Iztapalapa","Ciudad de México"
"09838","Plan de Iguala","Iztapalapa","Ciudad de México"
"09839","Ampliación Paraje San Juan","Iztapalapa","Ciudad de México"
"09839","San Juan Joya","Iztapalapa","Ciudad de México"
"09840","Los Reyes Culhuacán","Iztapalapa","Ciudad de México"
"09849","Ampliación Los Reyes","Iztapalapa","Ciudad de México"
"09850","San Juan Xalpa","Iztapalapa","Ciudad de México"
"09850","San Nicolás Tolentino","Iztapalapa","Ciudad de México"
"09850","Santa María del Monte","Iztapalapa","Ciudad de México"
"09856","Estado de Veracruz","Iztapalapa","Ciudad de México"
"09856","Ampliación Veracruzana","Iztapalapa","Ciudad de México"
"09858","Paraje San Juan Cerro","Iztapalapa","Ciudad de México"
"09859","Benito Juárez","Iztapalapa","Ciudad de México"
"09860","Bellavista","Iztapalapa","Ciudad de México"
"09860","Ampliación Bellavista","Iztapalapa","Ciudad de México"
"09860","Casa Blanca","Iztapalapa","Ciudad de México"
"09860","Cerro de La Estrella","Iztapalapa","Ciudad de México"
"09860","Parque Nacional Cerro de la Estrella","Iztapalapa","Ciudad de México"
"09860","El Rodeo","Iztapalapa","Ciudad de México"
"09868","San Juan Estrella","Iztapalapa","Ciudad de México"
"09870","12 de Diciembre","Iztapalapa","Ciudad de México"
"09870","San Andrés Tomatlán","Iztapalapa","Ciudad de México"
"09870","San Andrés Tomatlán","Iztapalapa","Ciudad de México"
"09870","Santa María Tomatlán","Iztapalapa","Ciudad de México"
"09880","El Vergel","Iztapalapa","Ciudad de México"
"09880","Granjas Estrella","Iztapalapa","Ciudad de México"
"09890","Lomas Estrella","Iztapalapa","Ciudad de México"
"09897","Carlos Jonguitud Barrios","Iztapalapa","Ciudad de México"
"09900","Guadalupe","Iztapalapa","Ciudad de México"
"09900","San Antonio","Iztapalapa","Ciudad de México"
"09900","San Lorenzo","Iztapalapa","Ciudad de México"
"09910","La Esperanza","Iztapalapa","Ciudad de México"
"09920","José López Portillo","Iztapalapa","Ciudad de México"
"09930","El Rosario","Iztapalapa","Ciudad de México"
"09940","Jardines de San Lorenzo Tezonco","Iztapalapa","Ciudad de México"
"09960","Celoalliotli","Iztapalapa","Ciudad de México"
"09960","USCOVI","Iztapalapa","Ciudad de México"
"09960","El Molino Tezonco","Iztapalapa","Ciudad de México"
"09960","Allapetlalli","Iztapalapa","Ciudad de México"
"09960","La Planta","Iztapalapa","Ciudad de México"
"09969","Cananea","Iztapalapa","Ciudad de México"
"09970","Valle de San Lorenzo","Iztapalapa","Ciudad de México"
"10000","Lomas Quebradas","La Magdalena Contreras","Ciudad de México"
"10010","La Malinche","La Magdalena Contreras","Ciudad de México"
"10010","San Bartolo Ameyalco","La Magdalena Contreras","Ciudad de México"
"10020","Cuauhtémoc","La Magdalena Contreras","Ciudad de México"
"10130","El Maestro","La Magdalena Contreras","Ciudad de México"
"10200","San Jerónimo Lídice","La Magdalena Contreras","Ciudad de México"
"10300","San Bernabé Ocotepec","La Magdalena Contreras","Ciudad de México"
"10320","El Tanque","La Magdalena Contreras","Ciudad de México"
"10330","Las Cruces","La Magdalena Contreras","Ciudad de México"
"10340","Los Padres","La Magdalena Contreras","Ciudad de México"
"10350","Lomas de San Bernabé","La Magdalena Contreras","Ciudad de México"
"10360","Huayatla","La Magdalena Contreras","Ciudad de México"
"10368","Ampliación Potrerillo","La Magdalena Contreras","Ciudad de México"
"10369","Ampliación Lomas de San Bernabé","La Magdalena Contreras","Ciudad de México"
"10369","Tierra Unida","La Magdalena Contreras","Ciudad de México"
"10370","Palmas","La Magdalena Contreras","Ciudad de México"
"10378","Atacaxco","La Magdalena Contreras","Ciudad de México"
"10379","Vista Hermosa","La Magdalena Contreras","Ciudad de México"
"10380","Barros Sierra","La Magdalena Contreras","Ciudad de México"
"10400","San Jerónimo Aculco","La Magdalena Contreras","Ciudad de México"
"10500","Barrio San Francisco","La Magdalena Contreras","Ciudad de México"
"10580","Barranca Seca","La Magdalena Contreras","Ciudad de México"
"10600","El Rosal","La Magdalena Contreras","Ciudad de México"
"10610","El Toro","La Magdalena Contreras","Ciudad de México"
"10620","Potrerillo","La Magdalena Contreras","Ciudad de México"
"10630","El Ocotal","La Magdalena Contreras","Ciudad de México"
"10640","La Carbonera","La Magdalena Contreras","Ciudad de México"
"10640","Pueblo Nuevo Alto","La Magdalena Contreras","Ciudad de México"
"10640","Pueblo Nuevo Bajo","La Magdalena Contreras","Ciudad de México"
"10660","El Ermitaño","La Magdalena Contreras","Ciudad de México"
"10700","Héroes de Padierna","La Magdalena Contreras","Ciudad de México"
"10710","Santa Teresa","La Magdalena Contreras","Ciudad de México"
"10800","La Cruz","La Magdalena Contreras","Ciudad de México"
"10810","San Francisco","La Magdalena Contreras","Ciudad de México"
"10820","La Guadalupe","La Magdalena Contreras","Ciudad de México"
"10830","La Concepción","La Magdalena Contreras","Ciudad de México"
"10840","Las Calles","La Magdalena Contreras","Ciudad de México"
"10840","Plazuela del Pedregal","La Magdalena Contreras","Ciudad de México"
"10900","San Nicolás Totolapan","La Magdalena Contreras","Ciudad de México"
"10910","La Magdalena","La Magdalena Contreras","Ciudad de México"
